{
  "train": {
    "accuracy": 0.9999667615808192,
    "precision": 0.9991755976916735,
    "recall": 1.0,
    "f1": 0.9995876288659794,
    "roc_auc": 1.0,
    "false_positive_rate": 3.463363387631175e-05,
    "tn": 346472,
    "fp": 12,
    "fn": 0,
    "tp": 14544
  },
  "validation": {
    "accuracy": 0.9993573976821999,
    "precision": 0.9890650628758885,
    "recall": 0.995049504950495,
    "f1": 0.9920482588428846,
    "roc_auc": 0.9999900970794823,
    "false_positive_rate": 0.0004617764540186096,
    "tn": 86582,
    "fp": 40,
    "fn": 18,
    "tp": 3618
  },
  "test": {
    "accuracy": 0.9972736285525446,
    "precision": 1.0,
    "recall": 0.9633821571238349,
    "f1": 0.9813496100373008,
    "roc_auc": 0.9999941620231869,
    "false_positive_rate": 0.0,
    "tn": 56014,
    "fp": 0,
    "fn": 165,
    "tp": 4341
  }
}