{
  "train": {
    "accuracy": 0.9998208819123299,
    "precision": 0.9961243144424131,
    "recall": 0.999046571323799,
    "f1": 0.99758330281948,
    "roc_auc": 0.9999995492127495,
    "false_positive_rate": 0.00014936435602826086,
    "tn": 354784,
    "fp": 53,
    "fn": 13,
    "tp": 13622
  },
  "validation": {
    "accuracy": 0.9959306397469027,
    "precision": 0.9474691620586985,
    "recall": 0.9801980198019802,
    "f1": 0.9635557478101006,
    "roc_auc": 0.9996633918333125,
    "false_positive_rate": 0.003155783260294625,
    "tn": 78022,
    "fp": 247,
    "fn": 90,
    "tp": 4455
  },
  "test": {
    "accuracy": 0.9962326503635162,
    "precision": 1.0,
    "recall": 0.9494007989347537,
    "f1": 0.9740437158469946,
    "roc_auc": 0.9999648255458803,
    "false_positive_rate": 0.0,
    "tn": 56014,
    "fp": 0,
    "fn": 228,
    "tp": 4278
  }
}